{
  "version": 1,
  "author": "Anonymous maker",
  "editor": "wokwi",
  "parts": [
    { "type": "wokwi-arduino-uno", "id": "uno", "top": 0.6, "left": -0.6, "attrs": {} },
    {
      "type": "wokwi-7segment",
      "id": "sevseg1",
      "top": -14.22,
      "left": -206.12,
      "attrs": { "common": "cathode" }
    },
    {
      "type": "wokwi-resistor",
      "id": "r1",
      "top": -72.85,
      "left": 19.2,
      "attrs": { "value": "330" }
    },
    {
      "type": "wokwi-resistor",
      "id": "r2",
      "top": -130.45,
      "left": 76.8,
      "attrs": { "value": "330" }
    },
    {
      "type": "wokwi-resistor",
      "id": "r3",
      "top": -44.05,
      "left": 86.4,
      "attrs": { "value": "330" }
    },
    {
      "type": "wokwi-resistor",
      "id": "r4",
      "top": -111.25,
      "left": 96,
      "attrs": { "value": "330" }
    },
    {
      "type": "wokwi-resistor",
      "id": "r5",
      "top": -92.05,
      "left": 76.8,
      "attrs": { "value": "330" }
    },
    {
      "type": "wokwi-resistor",
      "id": "r6",
      "top": -159.25,
      "left": -28.8,
      "attrs": { "value": "330" }
    },
    {
      "type": "wokwi-resistor",
      "id": "r7",
      "top": -236.05,
      "left": -57.6,
      "attrs": { "value": "330" }
    }
  ],
  "connections": [
    [ "sevseg1:COM.1", "uno:GND.3", "black", [ "v172.8", "h360.8" ] ],
    [ "r1:2", "uno:5", "green", [ "v0", "h133.2" ] ],
    [ "r1:1", "sevseg1:D", "green", [ "v0", "h-124.8", "v182.4", "h-86.4" ] ],
    [ "r2:1", "sevseg1:C", "#8f4814", [ "v0", "h-153.6", "v201.6", "h-96" ] ],
    [ "r2:2", "uno:4", "#8f4814", [ "v0", "h75.6" ] ],
    [ "r3:1", "sevseg1:E", "purple", [ "v0", "h-144", "v172.8", "h-144" ] ],
    [ "r3:2", "uno:6", "purple", [ "v0", "h56.4" ] ],
    [ "r4:2", "uno:2", "gold", [ "v0", "h75.6" ] ],
    [ "r4:1", "sevseg1:A", "gold", [ "v0", "h-268.8" ] ],
    [ "r6:1", "sevseg1:F", "magenta", [ "v0", "h-163.2" ] ],
    [ "r6:2", "uno:7", "magenta", [ "v0", "h152.4" ] ],
    [ "r7:1", "sevseg1:G", "gray", [ "v0", "h-144" ] ],
    [ "r7:2", "uno:8", "gray", [ "v9.6", "h152.4" ] ],
    [ "sevseg1:B", "r5:1", "red", [ "v-85.56" ] ],
    [ "r5:2", "uno:3", "red", [ "v0", "h94.8" ] ]
  ],
  "dependencies": {}
}